{
  "hash": "ed729527",
  "configHash": "5c8f6dca",
  "lockfileHash": "1b8b50f0",
  "browserHash": "b03636a1",
  "optimized": {
    "@angular/core": {
      "src": "../../../../../../node_modules/@angular/core/fesm2022/core.mjs",
      "file": "@angular_core.js",
      "fileHash": "7d413330",
      "needsInterop": false
    },
    "@angular/platform-browser": {
      "src": "../../../../../../node_modules/@angular/platform-browser/fesm2022/platform-browser.mjs",
      "file": "@angular_platform-browser.js",
      "fileHash": "f0b5d67d",
      "needsInterop": false
    },
    "@angular/router": {
      "src": "../../../../../../node_modules/@angular/router/fesm2022/router.mjs",
      "file": "@angular_router.js",
      "fileHash": "87750268",
      "needsInterop": false
    },
    "zone.js": {
      "src": "../../../../../../node_modules/zone.js/fesm2015/zone.js",
      "file": "zone__js.js",
      "fileHash": "0d6082be",
      "needsInterop": true
    },
    "@angular/common": {
      "src": "../../../../../../node_modules/@angular/common/fesm2022/common.mjs",
      "file": "@angular_common.js",
      "fileHash": "f94cafa3",
      "needsInterop": false
    },
    "@angular/forms": {
      "src": "../../../../../../node_modules/@angular/forms/fesm2022/forms.mjs",
      "file": "@angular_forms.js",
      "fileHash": "91f1ab99",
      "needsInterop": false
    },
    "@angular/common/http": {
      "src": "../../../../../../node_modules/@angular/common/fesm2022/http.mjs",
      "file": "@angular_common_http.js",
      "fileHash": "49cf4769",
      "needsInterop": false
    }
  },
  "chunks": {
    "chunk-VZ3PBJJM": {
      "file": "chunk-VZ3PBJJM.js"
    },
    "chunk-NTEUJCKU": {
      "file": "chunk-NTEUJCKU.js"
    },
    "chunk-MA7WERLZ": {
      "file": "chunk-MA7WERLZ.js"
    },
    "chunk-7DPHYZ4E": {
      "file": "chunk-7DPHYZ4E.js"
    },
    "chunk-TVTRBW6C": {
      "file": "chunk-TVTRBW6C.js"
    },
    "chunk-WDMUDEB6": {
      "file": "chunk-WDMUDEB6.js"
    }
  }
}